id,name,email,phone,passwordHash
FAN0001,Tran Duc Duy,fan1@example.com,0900000001,$2a$10$FAKEHASHFORLAB211PURPOSEONLYXXXXXX
FAN0002,Le Hai Thanh,fan2@example.com,0900000002,$2a$10$FAKEHASHFORLAB211PURPOSEONLYXXXXXX
FAN0003,Pham Hung Xuan,fan3@example.com,0900000003,$2a$10$FAKEHASHFORLAB211PURPOSEONLYXXXXXX
FAN0004,Hoang Huu Khanh,fan4@example.com,0900000004,$2a$10$FAKEHASHFORLAB211PURPOSEONLYXXXXXX
FAN0005,Vu Thanh Cong,fan5@example.com,0900000005,$2a$10$FAKEHASHFORLAB211PURPOSEONLYXXXXXX
FAN0006,Dang Tuan Ngoc,fan6@example.com,0900000006,$2a$10$FAKEHASHFORLAB211PURPOSEONLYXXXXXX
FAN0007,Bui Thi Bao,fan7@example.com,0900000007,$2a$10$FAKEHASHFORLAB211PURPOSEONLYXXXXXX
FAN0008,Do Minh Hoai,fan8@example.com,0900000008,$2a$10$FAKEHASHFORLAB211PURPOSEONLYXXXXXX
FAN0009,Ho Quang Anh,fan9@example.com,0900000009,$2a$10$FAKEHASHFORLAB211PURPOSEONLYXXXXXX
FAN0010,Nguyen Van Hong,fan10@example.com,0900000010,$2a$10$FAKEHASHFORLAB211PURPOSEONLYXXXXXX
FAN0011,Tran Duc Duy,fan11@example.com,0900000011,$2a$10$FAKEHASHFORLAB211PURPOSEONLYXXXXXX
FAN0012,Le Hai Thanh,fan12@example.com,0900000012,$2a$10$FAKEHASHFORLAB211PURPOSEONLYXXXXXX
FAN0013,Pham Hung Xuan,fan13@example.com,0900000013,$2a$10$FAKEHASHFORLAB211PURPOSEONLYXXXXXX
FAN0014,Hoang Huu Khanh,fan14@example.com,0900000014,$2a$10$FAKEHASHFORLAB211PURPOSEONLYXXXXXX
FAN0015,Vu Thanh Cong,fan15@example.com,0900000015,$2a$10$FAKEHASHFORLAB211PURPOSEONLYXXXXXX
FAN0016,Dang Tuan Ngoc,fan16@example.com,0900000016,$2a$10$FAKEHASHFORLAB211PURPOSEONLYXXXXXX
FAN0017,Bui Thi Bao,fan17@example.com,0900000017,$2a$10$FAKEHASHFORLAB211PURPOSEONLYXXXXXX
FAN0018,Do Minh Hoai,fan18@example.com,0900000018,$2a$10$FAKEHASHFORLAB211PURPOSEONLYXXXXXX
FAN0019,Ho Quang Anh,fan19@example.com,0900000019,$2a$10$FAKEHASHFORLAB211PURPOSEONLYXXXXXX
FAN0020,Nguyen Van Hong,fan20@example.com,0900000020,$2a$10$FAKEHASHFORLAB211PURPOSEONLYXXXXXX
FAN0021,Tran Duc Duy,fan21@example.com,0900000021,$2a$10$FAKEHASHFORLAB211PURPOSEONLYXXXXXX
FAN0022,Le Hai Thanh,fan22@example.com,0900000022,$2a$10$FAKEHASHFORLAB211PURPOSEONLYXXXXXX
FAN0023,Pham Hung Xuan,fan23@example.com,0900000023,$2a$10$FAKEHASHFORLAB211PURPOSEONLYXXXXXX
FAN0024,Hoang Huu Khanh,fan24@example.com,0900000024,$2a$10$FAKEHASHFORLAB211PURPOSEONLYXXXXXX
FAN0025,Vu Thanh Cong,fan25@example.com,0900000025,$2a$10$FAKEHASHFORLAB211PURPOSEONLYXXXXXX
FAN0026,Dang Tuan Ngoc,fan26@example.com,0900000026,$2a$10$FAKEHASHFORLAB211PURPOSEONLYXXXXXX
FAN0027,Bui Thi Bao,fan27@example.com,0900000027,$2a$10$FAKEHASHFORLAB211PURPOSEONLYXXXXXX
FAN0028,Do Minh Hoai,fan28@example.com,0900000028,$2a$10$FAKEHASHFORLAB211PURPOSEONLYXXXXXX
FAN0029,Ho Quang Anh,fan29@example.com,0900000029,$2a$10$FAKEHASHFORLAB211PURPOSEONLYXXXXXX
FAN0030,Nguyen Van Hong,fan30@example.com,0900000030,$2a$10$FAKEHASHFORLAB211PURPOSEONLYXXXXXX
FAN0031,Tran Duc Duy,fan31@example.com,0900000031,$2a$10$FAKEHASHFORLAB211PURPOSEONLYXXXXXX
FAN0032,Le Hai Thanh,fan32@example.com,0900000032,$2a$10$FAKEHASHFORLAB211PURPOSEONLYXXXXXX
FAN0033,Pham Hung Xuan,fan33@example.com,0900000033,$2a$10$FAKEHASHFORLAB211PURPOSEONLYXXXXXX
FAN0034,Hoang Huu Khanh,fan34@example.com,0900000034,$2a$10$FAKEHASHFORLAB211PURPOSEONLYXXXXXX
FAN0035,Vu Thanh Cong,fan35@example.com,0900000035,$2a$10$FAKEHASHFORLAB211PURPOSEONLYXXXXXX
FAN0036,Dang Tuan Ngoc,fan36@example.com,0900000036,$2a$10$FAKEHASHFORLAB211PURPOSEONLYXXXXXX
FAN0037,Bui Thi Bao,fan37@example.com,0900000037,$2a$10$FAKEHASHFORLAB211PURPOSEONLYXXXXXX
FAN0038,Do Minh Hoai,fan38@example.com,0900000038,$2a$10$FAKEHASHFORLAB211PURPOSEONLYXXXXXX
FAN0039,Ho Quang Anh,fan39@example.com,0900000039,$2a$10$FAKEHASHFORLAB211PURPOSEONLYXXXXXX
FAN0040,Nguyen Van Hong,fan40@example.com,0900000040,$2a$10$FAKEHASHFORLAB211PURPOSEONLYXXXXXX
FAN0041,Tran Duc Duy,fan41@example.com,0900000041,$2a$10$FAKEHASHFORLAB211PURPOSEONLYXXXXXX
FAN0042,Le Hai Thanh,fan42@example.com,0900000042,$2a$10$FAKEHASHFORLAB211PURPOSEONLYXXXXXX
FAN0043,Pham Hung Xuan,fan43@example.com,0900000043,$2a$10$FAKEHASHFORLAB211PURPOSEONLYXXXXXX
FAN0044,Hoang Huu Khanh,fan44@example.com,0900000044,$2a$10$FAKEHASHFORLAB211PURPOSEONLYXXXXXX
FAN0045,Vu Thanh Cong,fan45@example.com,0900000045,$2a$10$FAKEHASHFORLAB211PURPOSEONLYXXXXXX
FAN0046,Dang Tuan Ngoc,fan46@example.com,0900000046,$2a$10$FAKEHASHFORLAB211PURPOSEONLYXXXXXX
FAN0047,Bui Thi Bao,fan47@example.com,0900000047,$2a$10$FAKEHASHFORLAB211PURPOSEONLYXXXXXX
FAN0048,Do Minh Hoai,fan48@example.com,0900000048,$2a$10$FAKEHASHFORLAB211PURPOSEONLYXXXXXX
FAN0049,Ho Quang Anh,fan49@example.com,0900000049,$2a$10$FAKEHASHFORLAB211PURPOSEONLYXXXXXX
FAN0050,Nguyen Van Hong,fan50@example.com,0900000050,$2a$10$FAKEHASHFORLAB211PURPOSEONLYXXXXXX
FAN0051,Tran Duc Duy,fan51@example.com,0900000051,$2a$10$FAKEHASHFORLAB211PURPOSEONLYXXXXXX
FAN0052,Le Hai Thanh,fan52@example.com,0900000052,$2a$10$FAKEHASHFORLAB211PURPOSEONLYXXXXXX
FAN0053,Pham Hung Xuan,fan53@example.com,0900000053,$2a$10$FAKEHASHFORLAB211PURPOSEONLYXXXXXX
FAN0054,Hoang Huu Khanh,fan54@example.com,0900000054,$2a$10$FAKEHASHFORLAB211PURPOSEONLYXXXXXX
FAN0055,Vu Thanh Cong,fan55@example.com,0900000055,$2a$10$FAKEHASHFORLAB211PURPOSEONLYXXXXXX
FAN0056,Dang Tuan Ngoc,fan56@example.com,0900000056,$2a$10$FAKEHASHFORLAB211PURPOSEONLYXXXXXX
FAN0057,Bui Thi Bao,fan57@example.com,0900000057,$2a$10$FAKEHASHFORLAB211PURPOSEONLYXXXXXX
FAN0058,Do Minh Hoai,fan58@example.com,0900000058,$2a$10$FAKEHASHFORLAB211PURPOSEONLYXXXXXX
FAN0059,Ho Quang Anh,fan59@example.com,0900000059,$2a$10$FAKEHASHFORLAB211PURPOSEONLYXXXXXX
FAN0060,Nguyen Van Hong,fan60@example.com,0900000060,$2a$10$FAKEHASHFORLAB211PURPOSEONLYXXXXXX
FAN0061,Tran Duc Duy,fan61@example.com,0900000061,$2a$10$FAKEHASHFORLAB211PURPOSEONLYXXXXXX
FAN0062,Le Hai Thanh,fan62@example.com,0900000062,$2a$10$FAKEHASHFORLAB211PURPOSEONLYXXXXXX
FAN0063,Pham Hung Xuan,fan63@example.com,0900000063,$2a$10$FAKEHASHFORLAB211PURPOSEONLYXXXXXX
FAN0064,Hoang Huu Khanh,fan64@example.com,0900000064,$2a$10$FAKEHASHFORLAB211PURPOSEONLYXXXXXX
FAN0065,Vu Thanh Cong,fan65@example.com,0900000065,$2a$10$FAKEHASHFORLAB211PURPOSEONLYXXXXXX
FAN0066,Dang Tuan Ngoc,fan66@example.com,0900000066,$2a$10$FAKEHASHFORLAB211PURPOSEONLYXXXXXX
FAN0067,Bui Thi Bao,fan67@example.com,0900000067,$2a$10$FAKEHASHFORLAB211PURPOSEONLYXXXXXX
FAN0068,Do Minh Hoai,fan68@example.com,0900000068,$2a$10$FAKEHASHFORLAB211PURPOSEONLYXXXXXX
FAN0069,Ho Quang Anh,fan69@example.com,0900000069,$2a$10$FAKEHASHFORLAB211PURPOSEONLYXXXXXX
FAN0070,Nguyen Van Hong,fan70@example.com,0900000070,$2a$10$FAKEHASHFORLAB211PURPOSEONLYXXXXXX
FAN0071,Tran Duc Duy,fan71@example.com,0900000071,$2a$10$FAKEHASHFORLAB211PURPOSEONLYXXXXXX
FAN0072,Le Hai Thanh,fan72@example.com,0900000072,$2a$10$FAKEHASHFORLAB211PURPOSEONLYXXXXXX
FAN0073,Pham Hung Xuan,fan73@example.com,0900000073,$2a$10$FAKEHASHFORLAB211PURPOSEONLYXXXXXX
FAN0074,Hoang Huu Khanh,fan74@example.com,0900000074,$2a$10$FAKEHASHFORLAB211PURPOSEONLYXXXXXX
FAN0075,Vu Thanh Cong,fan75@example.com,0900000075,$2a$10$FAKEHASHFORLAB211PURPOSEONLYXXXXXX
FAN0076,Dang Tuan Ngoc,fan76@example.com,0900000076,$2a$10$FAKEHASHFORLAB211PURPOSEONLYXXXXXX
FAN0077,Bui Thi Bao,fan77@example.com,0900000077,$2a$10$FAKEHASHFORLAB211PURPOSEONLYXXXXXX
FAN0078,Do Minh Hoai,fan78@example.com,0900000078,$2a$10$FAKEHASHFORLAB211PURPOSEONLYXXXXXX
FAN0079,Ho Quang Anh,fan79@example.com,0900000079,$2a$10$FAKEHASHFORLAB211PURPOSEONLYXXXXXX
FAN0080,Nguyen Van Hong,fan80@example.com,0900000080,$2a$10$FAKEHASHFORLAB211PURPOSEONLYXXXXXX
FAN0081,Tran Duc Duy,fan81@example.com,0900000081,$2a$10$FAKEHASHFORLAB211PURPOSEONLYXXXXXX
FAN0082,Le Hai Thanh,fan82@example.com,0900000082,$2a$10$FAKEHASHFORLAB211PURPOSEONLYXXXXXX
FAN0083,Pham Hung Xuan,fan83@example.com,0900000083,$2a$10$FAKEHASHFORLAB211PURPOSEONLYXXXXXX
FAN0084,Hoang Huu Khanh,fan84@example.com,0900000084,$2a$10$FAKEHASHFORLAB211PURPOSEONLYXXXXXX
FAN0085,Vu Thanh Cong,fan85@example.com,0900000085,$2a$10$FAKEHASHFORLAB211PURPOSEONLYXXXXXX
FAN0086,Dang Tuan Ngoc,fan86@example.com,0900000086,$2a$10$FAKEHASHFORLAB211PURPOSEONLYXXXXXX
FAN0087,Bui Thi Bao,fan87@example.com,0900000087,$2a$10$FAKEHASHFORLAB211PURPOSEONLYXXXXXX
FAN0088,Do Minh Hoai,fan88@example.com,0900000088,$2a$10$FAKEHASHFORLAB211PURPOSEONLYXXXXXX
FAN0089,Ho Quang Anh,fan89@example.com,0900000089,$2a$10$FAKEHASHFORLAB211PURPOSEONLYXXXXXX
FAN0090,Nguyen Van Hong,fan90@example.com,0900000090,$2a$10$FAKEHASHFORLAB211PURPOSEONLYXXXXXX
FAN0091,Tran Duc Duy,fan91@example.com,0900000091,$2a$10$FAKEHASHFORLAB211PURPOSEONLYXXXXXX
FAN0092,Le Hai Thanh,fan92@example.com,0900000092,$2a$10$FAKEHASHFORLAB211PURPOSEONLYXXXXXX
FAN0093,Pham Hung Xuan,fan93@example.com,0900000093,$2a$10$FAKEHASHFORLAB211PURPOSEONLYXXXXXX
FAN0094,Hoang Huu Khanh,fan94@example.com,0900000094,$2a$10$FAKEHASHFORLAB211PURPOSEONLYXXXXXX
FAN0095,Vu Thanh Cong,fan95@example.com,0900000095,$2a$10$FAKEHASHFORLAB211PURPOSEONLYXXXXXX
FAN0096,Dang Tuan Ngoc,fan96@example.com,0900000096,$2a$10$FAKEHASHFORLAB211PURPOSEONLYXXXXXX
FAN0097,Bui Thi Bao,fan97@example.com,0900000097,$2a$10$FAKEHASHFORLAB211PURPOSEONLYXXXXXX
FAN0098,Do Minh Hoai,fan98@example.com,0900000098,$2a$10$FAKEHASHFORLAB211PURPOSEONLYXXXXXX
FAN0099,Ho Quang Anh,fan99@example.com,0900000099,$2a$10$FAKEHASHFORLAB211PURPOSEONLYXXXXXX
FAN0100,Nguyen Van Hong,fan100@example.com,0900000100,$2a$10$FAKEHASHFORLAB211PURPOSEONLYXXXXXX
FAN0101,Tran Duc Duy,fan101@example.com,0900000101,$2a$10$FAKEHASHFORLAB211PURPOSEONLYXXXXXX
FAN0102,Le Hai Thanh,fan102@example.com,0900000102,$2a$10$FAKEHASHFORLAB211PURPOSEONLYXXXXXX
FAN0103,Pham Hung Xuan,fan103@example.com,0900000103,$2a$10$FAKEHASHFORLAB211PURPOSEONLYXXXXXX
FAN0104,Hoang Huu Khanh,fan104@example.com,0900000104,$2a$10$FAKEHASHFORLAB211PURPOSEONLYXXXXXX
FAN0105,Vu Thanh Cong,fan105@example.com,0900000105,$2a$10$FAKEHASHFORLAB211PURPOSEONLYXXXXXX
FAN0106,Dang Tuan Ngoc,fan106@example.com,0900000106,$2a$10$FAKEHASHFORLAB211PURPOSEONLYXXXXXX
FAN0107,Bui Thi Bao,fan107@example.com,0900000107,$2a$10$FAKEHASHFORLAB211PURPOSEONLYXXXXXX
FAN0108,Do Minh Hoai,fan108@example.com,0900000108,$2a$10$FAKEHASHFORLAB211PURPOSEONLYXXXXXX
FAN0109,Ho Quang Anh,fan109@example.com,0900000109,$2a$10$FAKEHASHFORLAB211PURPOSEONLYXXXXXX
FAN0110,Nguyen Van Hong,fan110@example.com,0900000110,$2a$10$FAKEHASHFORLAB211PURPOSEONLYXXXXXX
FAN0111,Tran Duc Duy,fan111@example.com,0900000111,$2a$10$FAKEHASHFORLAB211PURPOSEONLYXXXXXX
FAN0112,Le Hai Thanh,fan112@example.com,0900000112,$2a$10$FAKEHASHFORLAB211PURPOSEONLYXXXXXX
FAN0113,Pham Hung Xuan,fan113@example.com,0900000113,$2a$10$FAKEHASHFORLAB211PURPOSEONLYXXXXXX
FAN0114,Hoang Huu Khanh,fan114@example.com,0900000114,$2a$10$FAKEHASHFORLAB211PURPOSEONLYXXXXXX
FAN0115,Vu Thanh Cong,fan115@example.com,0900000115,$2a$10$FAKEHASHFORLAB211PURPOSEONLYXXXXXX
FAN0116,Dang Tuan Ngoc,fan116@example.com,0900000116,$2a$10$FAKEHASHFORLAB211PURPOSEONLYXXXXXX
FAN0117,Bui Thi Bao,fan117@example.com,0900000117,$2a$10$FAKEHASHFORLAB211PURPOSEONLYXXXXXX
FAN0118,Do Minh Hoai,fan118@example.com,0900000118,$2a$10$FAKEHASHFORLAB211PURPOSEONLYXXXXXX
FAN0119,Ho Quang Anh,fan119@example.com,0900000119,$2a$10$FAKEHASHFORLAB211PURPOSEONLYXXXXXX
FAN0120,Nguyen Van Hong,fan120@example.com,0900000120,$2a$10$FAKEHASHFORLAB211PURPOSEONLYXXXXXX
FAN0121,Tran Duc Duy,fan121@example.com,0900000121,$2a$10$FAKEHASHFORLAB211PURPOSEONLYXXXXXX
FAN0122,Le Hai Thanh,fan122@example.com,0900000122,$2a$10$FAKEHASHFORLAB211PURPOSEONLYXXXXXX
FAN0123,Pham Hung Xuan,fan123@example.com,0900000123,$2a$10$FAKEHASHFORLAB211PURPOSEONLYXXXXXX
FAN0124,Hoang Huu Khanh,fan124@example.com,0900000124,$2a$10$FAKEHASHFORLAB211PURPOSEONLYXXXXXX
FAN0125,Vu Thanh Cong,fan125@example.com,0900000125,$2a$10$FAKEHASHFORLAB211PURPOSEONLYXXXXXX
FAN0126,Dang Tuan Ngoc,fan126@example.com,0900000126,$2a$10$FAKEHASHFORLAB211PURPOSEONLYXXXXXX
FAN0127,Bui Thi Bao,fan127@example.com,0900000127,$2a$10$FAKEHASHFORLAB211PURPOSEONLYXXXXXX
FAN0128,Do Minh Hoai,fan128@example.com,0900000128,$2a$10$FAKEHASHFORLAB211PURPOSEONLYXXXXXX
FAN0129,Ho Quang Anh,fan129@example.com,0900000129,$2a$10$FAKEHASHFORLAB211PURPOSEONLYXXXXXX
FAN0130,Nguyen Van Hong,fan130@example.com,0900000130,$2a$10$FAKEHASHFORLAB211PURPOSEONLYXXXXXX
FAN0131,Tran Duc Duy,fan131@example.com,0900000131,$2a$10$FAKEHASHFORLAB211PURPOSEONLYXXXXXX
FAN0132,Le Hai Thanh,fan132@example.com,0900000132,$2a$10$FAKEHASHFORLAB211PURPOSEONLYXXXXXX
FAN0133,Pham Hung Xuan,fan133@example.com,0900000133,$2a$10$FAKEHASHFORLAB211PURPOSEONLYXXXXXX
FAN0134,Hoang Huu Khanh,fan134@example.com,0900000134,$2a$10$FAKEHASHFORLAB211PURPOSEONLYXXXXXX
FAN0135,Vu Thanh Cong,fan135@example.com,0900000135,$2a$10$FAKEHASHFORLAB211PURPOSEONLYXXXXXX
FAN0136,Dang Tuan Ngoc,fan136@example.com,0900000136,$2a$10$FAKEHASHFORLAB211PURPOSEONLYXXXXXX
FAN0137,Bui Thi Bao,fan137@example.com,0900000137,$2a$10$FAKEHASHFORLAB211PURPOSEONLYXXXXXX
FAN0138,Do Minh Hoai,fan138@example.com,0900000138,$2a$10$FAKEHASHFORLAB211PURPOSEONLYXXXXXX
FAN0139,Ho Quang Anh,fan139@example.com,0900000139,$2a$10$FAKEHASHFORLAB211PURPOSEONLYXXXXXX
FAN0140,Nguyen Van Hong,fan140@example.com,0900000140,$2a$10$FAKEHASHFORLAB211PURPOSEONLYXXXXXX
FAN0141,Tran Duc Duy,fan141@example.com,0900000141,$2a$10$FAKEHASHFORLAB211PURPOSEONLYXXXXXX
FAN0142,Le Hai Thanh,fan142@example.com,0900000142,$2a$10$FAKEHASHFORLAB211PURPOSEONLYXXXXXX
FAN0143,Pham Hung Xuan,fan143@example.com,0900000143,$2a$10$FAKEHASHFORLAB211PURPOSEONLYXXXXXX
FAN0144,Hoang Huu Khanh,fan144@example.com,0900000144,$2a$10$FAKEHASHFORLAB211PURPOSEONLYXXXXXX
FAN0145,Vu Thanh Cong,fan145@example.com,0900000145,$2a$10$FAKEHASHFORLAB211PURPOSEONLYXXXXXX
FAN0146,Dang Tuan Ngoc,fan146@example.com,0900000146,$2a$10$FAKEHASHFORLAB211PURPOSEONLYXXXXXX
FAN0147,Bui Thi Bao,fan147@example.com,0900000147,$2a$10$FAKEHASHFORLAB211PURPOSEONLYXXXXXX
FAN0148,Do Minh Hoai,fan148@example.com,0900000148,$2a$10$FAKEHASHFORLAB211PURPOSEONLYXXXXXX
FAN0149,Ho Quang Anh,fan149@example.com,0900000149,$2a$10$FAKEHASHFORLAB211PURPOSEONLYXXXXXX
FAN0150,Nguyen Van Hong,fan150@example.com,0900000150,$2a$10$FAKEHASHFORLAB211PURPOSEONLYXXXXXX
FAN0151,Tran Duc Duy,fan151@example.com,0900000151,$2a$10$FAKEHASHFORLAB211PURPOSEONLYXXXXXX
FAN0152,Le Hai Thanh,fan152@example.com,0900000152,$2a$10$FAKEHASHFORLAB211PURPOSEONLYXXXXXX
FAN0153,Pham Hung Xuan,fan153@example.com,0900000153,$2a$10$FAKEHASHFORLAB211PURPOSEONLYXXXXXX
FAN0154,Hoang Huu Khanh,fan154@example.com,0900000154,$2a$10$FAKEHASHFORLAB211PURPOSEONLYXXXXXX
FAN0155,Vu Thanh Cong,fan155@example.com,0900000155,$2a$10$FAKEHASHFORLAB211PURPOSEONLYXXXXXX
FAN0156,Dang Tuan Ngoc,fan156@example.com,0900000156,$2a$10$FAKEHASHFORLAB211PURPOSEONLYXXXXXX
FAN0157,Bui Thi Bao,fan157@example.com,0900000157,$2a$10$FAKEHASHFORLAB211PURPOSEONLYXXXXXX
FAN0158,Do Minh Hoai,fan158@example.com,0900000158,$2a$10$FAKEHASHFORLAB211PURPOSEONLYXXXXXX
FAN0159,Ho Quang Anh,fan159@example.com,0900000159,$2a$10$FAKEHASHFORLAB211PURPOSEONLYXXXXXX
FAN0160,Nguyen Van Hong,fan160@example.com,0900000160,$2a$10$FAKEHASHFORLAB211PURPOSEONLYXXXXXX
FAN0161,Tran Duc Duy,fan161@example.com,0900000161,$2a$10$FAKEHASHFORLAB211PURPOSEONLYXXXXXX
FAN0162,Le Hai Thanh,fan162@example.com,0900000162,$2a$10$FAKEHASHFORLAB211PURPOSEONLYXXXXXX
FAN0163,Pham Hung Xuan,fan163@example.com,0900000163,$2a$10$FAKEHASHFORLAB211PURPOSEONLYXXXXXX
FAN0164,Hoang Huu Khanh,fan164@example.com,0900000164,$2a$10$FAKEHASHFORLAB211PURPOSEONLYXXXXXX
FAN0165,Vu Thanh Cong,fan165@example.com,0900000165,$2a$10$FAKEHASHFORLAB211PURPOSEONLYXXXXXX
FAN0166,Dang Tuan Ngoc,fan166@example.com,0900000166,$2a$10$FAKEHASHFORLAB211PURPOSEONLYXXXXXX
FAN0167,Bui Thi Bao,fan167@example.com,0900000167,$2a$10$FAKEHASHFORLAB211PURPOSEONLYXXXXXX
FAN0168,Do Minh Hoai,fan168@example.com,0900000168,$2a$10$FAKEHASHFORLAB211PURPOSEONLYXXXXXX
FAN0169,Ho Quang Anh,fan169@example.com,0900000169,$2a$10$FAKEHASHFORLAB211PURPOSEONLYXXXXXX
FAN0170,Nguyen Van Hong,fan170@example.com,0900000170,$2a$10$FAKEHASHFORLAB211PURPOSEONLYXXXXXX
FAN0171,Tran Duc Duy,fan171@example.com,0900000171,$2a$10$FAKEHASHFORLAB211PURPOSEONLYXXXXXX
FAN0172,Le Hai Thanh,fan172@example.com,0900000172,$2a$10$FAKEHASHFORLAB211PURPOSEONLYXXXXXX
FAN0173,Pham Hung Xuan,fan173@example.com,0900000173,$2a$10$FAKEHASHFORLAB211PURPOSEONLYXXXXXX
FAN0174,Hoang Huu Khanh,fan174@example.com,0900000174,$2a$10$FAKEHASHFORLAB211PURPOSEONLYXXXXXX
FAN0175,Vu Thanh Cong,fan175@example.com,0900000175,$2a$10$FAKEHASHFORLAB211PURPOSEONLYXXXXXX
FAN0176,Dang Tuan Ngoc,fan176@example.com,0900000176,$2a$10$FAKEHASHFORLAB211PURPOSEONLYXXXXXX
FAN0177,Bui Thi Bao,fan177@example.com,0900000177,$2a$10$FAKEHASHFORLAB211PURPOSEONLYXXXXXX
FAN0178,Do Minh Hoai,fan178@example.com,0900000178,$2a$10$FAKEHASHFORLAB211PURPOSEONLYXXXXXX
FAN0179,Ho Quang Anh,fan179@example.com,0900000179,$2a$10$FAKEHASHFORLAB211PURPOSEONLYXXXXXX
FAN0180,Nguyen Van Hong,fan180@example.com,0900000180,$2a$10$FAKEHASHFORLAB211PURPOSEONLYXXXXXX
FAN0181,Tran Duc Duy,fan181@example.com,0900000181,$2a$10$FAKEHASHFORLAB211PURPOSEONLYXXXXXX
FAN0182,Le Hai Thanh,fan182@example.com,0900000182,$2a$10$FAKEHASHFORLAB211PURPOSEONLYXXXXXX
FAN0183,Pham Hung Xuan,fan183@example.com,0900000183,$2a$10$FAKEHASHFORLAB211PURPOSEONLYXXXXXX
FAN0184,Hoang Huu Khanh,fan184@example.com,0900000184,$2a$10$FAKEHASHFORLAB211PURPOSEONLYXXXXXX
FAN0185,Vu Thanh Cong,fan185@example.com,0900000185,$2a$10$FAKEHASHFORLAB211PURPOSEONLYXXXXXX
FAN0186,Dang Tuan Ngoc,fan186@example.com,0900000186,$2a$10$FAKEHASHFORLAB211PURPOSEONLYXXXXXX
FAN0187,Bui Thi Bao,fan187@example.com,0900000187,$2a$10$FAKEHASHFORLAB211PURPOSEONLYXXXXXX
FAN0188,Do Minh Hoai,fan188@example.com,0900000188,$2a$10$FAKEHASHFORLAB211PURPOSEONLYXXXXXX
FAN0189,Ho Quang Anh,fan189@example.com,0900000189,$2a$10$FAKEHASHFORLAB211PURPOSEONLYXXXXXX
FAN0190,Nguyen Van Hong,fan190@example.com,0900000190,$2a$10$FAKEHASHFORLAB211PURPOSEONLYXXXXXX
FAN0191,Tran Duc Duy,fan191@example.com,0900000191,$2a$10$FAKEHASHFORLAB211PURPOSEONLYXXXXXX
FAN0192,Le Hai Thanh,fan192@example.com,0900000192,$2a$10$FAKEHASHFORLAB211PURPOSEONLYXXXXXX
FAN0193,Pham Hung Xuan,fan193@example.com,0900000193,$2a$10$FAKEHASHFORLAB211PURPOSEONLYXXXXXX
FAN0194,Hoang Huu Khanh,fan194@example.com,0900000194,$2a$10$FAKEHASHFORLAB211PURPOSEONLYXXXXXX
FAN0195,Vu Thanh Cong,fan195@example.com,0900000195,$2a$10$FAKEHASHFORLAB211PURPOSEONLYXXXXXX
FAN0196,Dang Tuan Ngoc,fan196@example.com,0900000196,$2a$10$FAKEHASHFORLAB211PURPOSEONLYXXXXXX
FAN0197,Bui Thi Bao,fan197@example.com,0900000197,$2a$10$FAKEHASHFORLAB211PURPOSEONLYXXXXXX
FAN0198,Do Minh Hoai,fan198@example.com,0900000198,$2a$10$FAKEHASHFORLAB211PURPOSEONLYXXXXXX
FAN0199,Ho Quang Anh,fan199@example.com,0900000199,$2a$10$FAKEHASHFORLAB211PURPOSEONLYXXXXXX
FAN0200,Nguyen Van Hong,fan200@example.com,0900000200,$2a$10$FAKEHASHFORLAB211PURPOSEONLYXXXXXX
FAN0201,Tran Duc Duy,fan201@example.com,0900000201,$2a$10$FAKEHASHFORLAB211PURPOSEONLYXXXXXX
FAN0202,Le Hai Thanh,fan202@example.com,0900000202,$2a$10$FAKEHASHFORLAB211PURPOSEONLYXXXXXX
FAN0203,Pham Hung Xuan,fan203@example.com,0900000203,$2a$10$FAKEHASHFORLAB211PURPOSEONLYXXXXXX
FAN0204,Hoang Huu Khanh,fan204@example.com,0900000204,$2a$10$FAKEHASHFORLAB211PURPOSEONLYXXXXXX
FAN0205,Vu Thanh Cong,fan205@example.com,0900000205,$2a$10$FAKEHASHFORLAB211PURPOSEONLYXXXXXX
FAN0206,Dang Tuan Ngoc,fan206@example.com,0900000206,$2a$10$FAKEHASHFORLAB211PURPOSEONLYXXXXXX
FAN0207,Bui Thi Bao,fan207@example.com,0900000207,$2a$10$FAKEHASHFORLAB211PURPOSEONLYXXXXXX
FAN0208,Do Minh Hoai,fan208@example.com,0900000208,$2a$10$FAKEHASHFORLAB211PURPOSEONLYXXXXXX
FAN0209,Ho Quang Anh,fan209@example.com,0900000209,$2a$10$FAKEHASHFORLAB211PURPOSEONLYXXXXXX
FAN0210,Nguyen Van Hong,fan210@example.com,0900000210,$2a$10$FAKEHASHFORLAB211PURPOSEONLYXXXXXX
FAN0211,Tran Duc Duy,fan211@example.com,0900000211,$2a$10$FAKEHASHFORLAB211PURPOSEONLYXXXXXX
FAN0212,Le Hai Thanh,fan212@example.com,0900000212,$2a$10$FAKEHASHFORLAB211PURPOSEONLYXXXXXX
FAN0213,Pham Hung Xuan,fan213@example.com,0900000213,$2a$10$FAKEHASHFORLAB211PURPOSEONLYXXXXXX
FAN0214,Hoang Huu Khanh,fan214@example.com,0900000214,$2a$10$FAKEHASHFORLAB211PURPOSEONLYXXXXXX
FAN0215,Vu Thanh Cong,fan215@example.com,0900000215,$2a$10$FAKEHASHFORLAB211PURPOSEONLYXXXXXX
FAN0216,Dang Tuan Ngoc,fan216@example.com,0900000216,$2a$10$FAKEHASHFORLAB211PURPOSEONLYXXXXXX
FAN0217,Bui Thi Bao,fan217@example.com,0900000217,$2a$10$FAKEHASHFORLAB211PURPOSEONLYXXXXXX
FAN0218,Do Minh Hoai,fan218@example.com,0900000218,$2a$10$FAKEHASHFORLAB211PURPOSEONLYXXXXXX
FAN0219,Ho Quang Anh,fan219@example.com,0900000219,$2a$10$FAKEHASHFORLAB211PURPOSEONLYXXXXXX
FAN0220,Nguyen Van Hong,fan220@example.com,0900000220,$2a$10$FAKEHASHFORLAB211PURPOSEONLYXXXXXX
FAN0221,Tran Duc Duy,fan221@example.com,0900000221,$2a$10$FAKEHASHFORLAB211PURPOSEONLYXXXXXX
FAN0222,Le Hai Thanh,fan222@example.com,0900000222,$2a$10$FAKEHASHFORLAB211PURPOSEONLYXXXXXX
FAN0223,Pham Hung Xuan,fan223@example.com,0900000223,$2a$10$FAKEHASHFORLAB211PURPOSEONLYXXXXXX
FAN0224,Hoang Huu Khanh,fan224@example.com,0900000224,$2a$10$FAKEHASHFORLAB211PURPOSEONLYXXXXXX
FAN0225,Vu Thanh Cong,fan225@example.com,0900000225,$2a$10$FAKEHASHFORLAB211PURPOSEONLYXXXXXX
FAN0226,Dang Tuan Ngoc,fan226@example.com,0900000226,$2a$10$FAKEHASHFORLAB211PURPOSEONLYXXXXXX
FAN0227,Bui Thi Bao,fan227@example.com,0900000227,$2a$10$FAKEHASHFORLAB211PURPOSEONLYXXXXXX
FAN0228,Do Minh Hoai,fan228@example.com,0900000228,$2a$10$FAKEHASHFORLAB211PURPOSEONLYXXXXXX
FAN0229,Ho Quang Anh,fan229@example.com,0900000229,$2a$10$FAKEHASHFORLAB211PURPOSEONLYXXXXXX
FAN0230,Nguyen Van Hong,fan230@example.com,0900000230,$2a$10$FAKEHASHFORLAB211PURPOSEONLYXXXXXX
FAN0231,Tran Duc Duy,fan231@example.com,0900000231,$2a$10$FAKEHASHFORLAB211PURPOSEONLYXXXXXX
FAN0232,Le Hai Thanh,fan232@example.com,0900000232,$2a$10$FAKEHASHFORLAB211PURPOSEONLYXXXXXX
FAN0233,Pham Hung Xuan,fan233@example.com,0900000233,$2a$10$FAKEHASHFORLAB211PURPOSEONLYXXXXXX
FAN0234,Hoang Huu Khanh,fan234@example.com,0900000234,$2a$10$FAKEHASHFORLAB211PURPOSEONLYXXXXXX
FAN0235,Vu Thanh Cong,fan235@example.com,0900000235,$2a$10$FAKEHASHFORLAB211PURPOSEONLYXXXXXX
FAN0236,Dang Tuan Ngoc,fan236@example.com,0900000236,$2a$10$FAKEHASHFORLAB211PURPOSEONLYXXXXXX
FAN0237,Bui Thi Bao,fan237@example.com,0900000237,$2a$10$FAKEHASHFORLAB211PURPOSEONLYXXXXXX
FAN0238,Do Minh Hoai,fan238@example.com,0900000238,$2a$10$FAKEHASHFORLAB211PURPOSEONLYXXXXXX
FAN0239,Ho Quang Anh,fan239@example.com,0900000239,$2a$10$FAKEHASHFORLAB211PURPOSEONLYXXXXXX
FAN0240,Nguyen Van Hong,fan240@example.com,0900000240,$2a$10$FAKEHASHFORLAB211PURPOSEONLYXXXXXX
FAN0241,Tran Duc Duy,fan241@example.com,0900000241,$2a$10$FAKEHASHFORLAB211PURPOSEONLYXXXXXX
FAN0242,Le Hai Thanh,fan242@example.com,0900000242,$2a$10$FAKEHASHFORLAB211PURPOSEONLYXXXXXX
FAN0243,Pham Hung Xuan,fan243@example.com,0900000243,$2a$10$FAKEHASHFORLAB211PURPOSEONLYXXXXXX
FAN0244,Hoang Huu Khanh,fan244@example.com,0900000244,$2a$10$FAKEHASHFORLAB211PURPOSEONLYXXXXXX
FAN0245,Vu Thanh Cong,fan245@example.com,0900000245,$2a$10$FAKEHASHFORLAB211PURPOSEONLYXXXXXX
FAN0246,Dang Tuan Ngoc,fan246@example.com,0900000246,$2a$10$FAKEHASHFORLAB211PURPOSEONLYXXXXXX
FAN0247,Bui Thi Bao,fan247@example.com,0900000247,$2a$10$FAKEHASHFORLAB211PURPOSEONLYXXXXXX
FAN0248,Do Minh Hoai,fan248@example.com,0900000248,$2a$10$FAKEHASHFORLAB211PURPOSEONLYXXXXXX
FAN0249,Ho Quang Anh,fan249@example.com,0900000249,$2a$10$FAKEHASHFORLAB211PURPOSEONLYXXXXXX
FAN0250,Nguyen Van Hong,fan250@example.com,0900000250,$2a$10$FAKEHASHFORLAB211PURPOSEONLYXXXXXX
FAN0251,Tran Duc Duy,fan251@example.com,0900000251,$2a$10$FAKEHASHFORLAB211PURPOSEONLYXXXXXX
FAN0252,Le Hai Thanh,fan252@example.com,0900000252,$2a$10$FAKEHASHFORLAB211PURPOSEONLYXXXXXX
FAN0253,Pham Hung Xuan,fan253@example.com,0900000253,$2a$10$FAKEHASHFORLAB211PURPOSEONLYXXXXXX
FAN0254,Hoang Huu Khanh,fan254@example.com,0900000254,$2a$10$FAKEHASHFORLAB211PURPOSEONLYXXXXXX
FAN0255,Vu Thanh Cong,fan255@example.com,0900000255,$2a$10$FAKEHASHFORLAB211PURPOSEONLYXXXXXX
FAN0256,Dang Tuan Ngoc,fan256@example.com,0900000256,$2a$10$FAKEHASHFORLAB211PURPOSEONLYXXXXXX
FAN0257,Bui Thi Bao,fan257@example.com,0900000257,$2a$10$FAKEHASHFORLAB211PURPOSEONLYXXXXXX
FAN0258,Do Minh Hoai,fan258@example.com,0900000258,$2a$10$FAKEHASHFORLAB211PURPOSEONLYXXXXXX
FAN0259,Ho Quang Anh,fan259@example.com,0900000259,$2a$10$FAKEHASHFORLAB211PURPOSEONLYXXXXXX
FAN0260,Nguyen Van Hong,fan260@example.com,0900000260,$2a$10$FAKEHASHFORLAB211PURPOSEONLYXXXXXX
FAN0261,Tran Duc Duy,fan261@example.com,0900000261,$2a$10$FAKEHASHFORLAB211PURPOSEONLYXXXXXX
FAN0262,Le Hai Thanh,fan262@example.com,0900000262,$2a$10$FAKEHASHFORLAB211PURPOSEONLYXXXXXX
FAN0263,Pham Hung Xuan,fan263@example.com,0900000263,$2a$10$FAKEHASHFORLAB211PURPOSEONLYXXXXXX
FAN0264,Hoang Huu Khanh,fan264@example.com,0900000264,$2a$10$FAKEHASHFORLAB211PURPOSEONLYXXXXXX
FAN0265,Vu Thanh Cong,fan265@example.com,0900000265,$2a$10$FAKEHASHFORLAB211PURPOSEONLYXXXXXX
FAN0266,Dang Tuan Ngoc,fan266@example.com,0900000266,$2a$10$FAKEHASHFORLAB211PURPOSEONLYXXXXXX
FAN0267,Bui Thi Bao,fan267@example.com,0900000267,$2a$10$FAKEHASHFORLAB211PURPOSEONLYXXXXXX
FAN0268,Do Minh Hoai,fan268@example.com,0900000268,$2a$10$FAKEHASHFORLAB211PURPOSEONLYXXXXXX
FAN0269,Ho Quang Anh,fan269@example.com,0900000269,$2a$10$FAKEHASHFORLAB211PURPOSEONLYXXXXXX
FAN0270,Nguyen Van Hong,fan270@example.com,0900000270,$2a$10$FAKEHASHFORLAB211PURPOSEONLYXXXXXX
FAN0271,Tran Duc Duy,fan271@example.com,0900000271,$2a$10$FAKEHASHFORLAB211PURPOSEONLYXXXXXX
FAN0272,Le Hai Thanh,fan272@example.com,0900000272,$2a$10$FAKEHASHFORLAB211PURPOSEONLYXXXXXX
FAN0273,Pham Hung Xuan,fan273@example.com,0900000273,$2a$10$FAKEHASHFORLAB211PURPOSEONLYXXXXXX
FAN0274,Hoang Huu Khanh,fan274@example.com,0900000274,$2a$10$FAKEHASHFORLAB211PURPOSEONLYXXXXXX
FAN0275,Vu Thanh Cong,fan275@example.com,0900000275,$2a$10$FAKEHASHFORLAB211PURPOSEONLYXXXXXX
FAN0276,Dang Tuan Ngoc,fan276@example.com,0900000276,$2a$10$FAKEHASHFORLAB211PURPOSEONLYXXXXXX
FAN0277,Bui Thi Bao,fan277@example.com,0900000277,$2a$10$FAKEHASHFORLAB211PURPOSEONLYXXXXXX
FAN0278,Do Minh Hoai,fan278@example.com,0900000278,$2a$10$FAKEHASHFORLAB211PURPOSEONLYXXXXXX
FAN0279,Ho Quang Anh,fan279@example.com,0900000279,$2a$10$FAKEHASHFORLAB211PURPOSEONLYXXXXXX
FAN0280,Nguyen Van Hong,fan280@example.com,0900000280,$2a$10$FAKEHASHFORLAB211PURPOSEONLYXXXXXX
FAN0281,Tran Duc Duy,fan281@example.com,0900000281,$2a$10$FAKEHASHFORLAB211PURPOSEONLYXXXXXX
FAN0282,Le Hai Thanh,fan282@example.com,0900000282,$2a$10$FAKEHASHFORLAB211PURPOSEONLYXXXXXX
FAN0283,Pham Hung Xuan,fan283@example.com,0900000283,$2a$10$FAKEHASHFORLAB211PURPOSEONLYXXXXXX
FAN0284,Hoang Huu Khanh,fan284@example.com,0900000284,$2a$10$FAKEHASHFORLAB211PURPOSEONLYXXXXXX
FAN0285,Vu Thanh Cong,fan285@example.com,0900000285,$2a$10$FAKEHASHFORLAB211PURPOSEONLYXXXXXX
FAN0286,Dang Tuan Ngoc,fan286@example.com,0900000286,$2a$10$FAKEHASHFORLAB211PURPOSEONLYXXXXXX
FAN0287,Bui Thi Bao,fan287@example.com,0900000287,$2a$10$FAKEHASHFORLAB211PURPOSEONLYXXXXXX
FAN0288,Do Minh Hoai,fan288@example.com,0900000288,$2a$10$FAKEHASHFORLAB211PURPOSEONLYXXXXXX
FAN0289,Ho Quang Anh,fan289@example.com,0900000289,$2a$10$FAKEHASHFORLAB211PURPOSEONLYXXXXXX
FAN0290,Nguyen Van Hong,fan290@example.com,0900000290,$2a$10$FAKEHASHFORLAB211PURPOSEONLYXXXXXX
FAN0291,Tran Duc Duy,fan291@example.com,0900000291,$2a$10$FAKEHASHFORLAB211PURPOSEONLYXXXXXX
FAN0292,Le Hai Thanh,fan292@example.com,0900000292,$2a$10$FAKEHASHFORLAB211PURPOSEONLYXXXXXX
FAN0293,Pham Hung Xuan,fan293@example.com,0900000293,$2a$10$FAKEHASHFORLAB211PURPOSEONLYXXXXXX
FAN0294,Hoang Huu Khanh,fan294@example.com,0900000294,$2a$10$FAKEHASHFORLAB211PURPOSEONLYXXXXXX
FAN0295,Vu Thanh Cong,fan295@example.com,0900000295,$2a$10$FAKEHASHFORLAB211PURPOSEONLYXXXXXX
FAN0296,Dang Tuan Ngoc,fan296@example.com,0900000296,$2a$10$FAKEHASHFORLAB211PURPOSEONLYXXXXXX
FAN0297,Bui Thi Bao,fan297@example.com,0900000297,$2a$10$FAKEHASHFORLAB211PURPOSEONLYXXXXXX
FAN0298,Do Minh Hoai,fan298@example.com,0900000298,$2a$10$FAKEHASHFORLAB211PURPOSEONLYXXXXXX
FAN0299,Ho Quang Anh,fan299@example.com,0900000299,$2a$10$FAKEHASHFORLAB211PURPOSEONLYXXXXXX
FAN0300,Nguyen Van Hong,fan300@example.com,0900000300,$2a$10$FAKEHASHFORLAB211PURPOSEONLYXXXXXX
FAN0301,Tran Duc Duy,fan301@example.com,0900000301,$2a$10$FAKEHASHFORLAB211PURPOSEONLYXXXXXX
FAN0302,Le Hai Thanh,fan302@example.com,0900000302,$2a$10$FAKEHASHFORLAB211PURPOSEONLYXXXXXX
FAN0303,Pham Hung Xuan,fan303@example.com,0900000303,$2a$10$FAKEHASHFORLAB211PURPOSEONLYXXXXXX
FAN0304,Hoang Huu Khanh,fan304@example.com,0900000304,$2a$10$FAKEHASHFORLAB211PURPOSEONLYXXXXXX
FAN0305,Vu Thanh Cong,fan305@example.com,0900000305,$2a$10$FAKEHASHFORLAB211PURPOSEONLYXXXXXX
FAN0306,Dang Tuan Ngoc,fan306@example.com,0900000306,$2a$10$FAKEHASHFORLAB211PURPOSEONLYXXXXXX
FAN0307,Bui Thi Bao,fan307@example.com,0900000307,$2a$10$FAKEHASHFORLAB211PURPOSEONLYXXXXXX
FAN0308,Do Minh Hoai,fan308@example.com,0900000308,$2a$10$FAKEHASHFORLAB211PURPOSEONLYXXXXXX
FAN0309,Ho Quang Anh,fan309@example.com,0900000309,$2a$10$FAKEHASHFORLAB211PURPOSEONLYXXXXXX
FAN0310,Nguyen Van Hong,fan310@example.com,0900000310,$2a$10$FAKEHASHFORLAB211PURPOSEONLYXXXXXX
FAN0311,Tran Duc Duy,fan311@example.com,0900000311,$2a$10$FAKEHASHFORLAB211PURPOSEONLYXXXXXX
FAN0312,Le Hai Thanh,fan312@example.com,0900000312,$2a$10$FAKEHASHFORLAB211PURPOSEONLYXXXXXX
FAN0313,Pham Hung Xuan,fan313@example.com,0900000313,$2a$10$FAKEHASHFORLAB211PURPOSEONLYXXXXXX
FAN0314,Hoang Huu Khanh,fan314@example.com,0900000314,$2a$10$FAKEHASHFORLAB211PURPOSEONLYXXXXXX
FAN0315,Vu Thanh Cong,fan315@example.com,0900000315,$2a$10$FAKEHASHFORLAB211PURPOSEONLYXXXXXX
FAN0316,Dang Tuan Ngoc,fan316@example.com,0900000316,$2a$10$FAKEHASHFORLAB211PURPOSEONLYXXXXXX
FAN0317,Bui Thi Bao,fan317@example.com,0900000317,$2a$10$FAKEHASHFORLAB211PURPOSEONLYXXXXXX
FAN0318,Do Minh Hoai,fan318@example.com,0900000318,$2a$10$FAKEHASHFORLAB211PURPOSEONLYXXXXXX
FAN0319,Ho Quang Anh,fan319@example.com,0900000319,$2a$10$FAKEHASHFORLAB211PURPOSEONLYXXXXXX
FAN0320,Nguyen Van Hong,fan320@example.com,0900000320,$2a$10$FAKEHASHFORLAB211PURPOSEONLYXXXXXX
FAN0321,Tran Duc Duy,fan321@example.com,0900000321,$2a$10$FAKEHASHFORLAB211PURPOSEONLYXXXXXX
FAN0322,Le Hai Thanh,fan322@example.com,0900000322,$2a$10$FAKEHASHFORLAB211PURPOSEONLYXXXXXX
FAN0323,Pham Hung Xuan,fan323@example.com,0900000323,$2a$10$FAKEHASHFORLAB211PURPOSEONLYXXXXXX
FAN0324,Hoang Huu Khanh,fan324@example.com,0900000324,$2a$10$FAKEHASHFORLAB211PURPOSEONLYXXXXXX
FAN0325,Vu Thanh Cong,fan325@example.com,0900000325,$2a$10$FAKEHASHFORLAB211PURPOSEONLYXXXXXX
FAN0326,Dang Tuan Ngoc,fan326@example.com,0900000326,$2a$10$FAKEHASHFORLAB211PURPOSEONLYXXXXXX
FAN0327,Bui Thi Bao,fan327@example.com,0900000327,$2a$10$FAKEHASHFORLAB211PURPOSEONLYXXXXXX
FAN0328,Do Minh Hoai,fan328@example.com,0900000328,$2a$10$FAKEHASHFORLAB211PURPOSEONLYXXXXXX
FAN0329,Ho Quang Anh,fan329@example.com,0900000329,$2a$10$FAKEHASHFORLAB211PURPOSEONLYXXXXXX
FAN0330,Nguyen Van Hong,fan330@example.com,0900000330,$2a$10$FAKEHASHFORLAB211PURPOSEONLYXXXXXX
FAN0331,Tran Duc Duy,fan331@example.com,0900000331,$2a$10$FAKEHASHFORLAB211PURPOSEONLYXXXXXX
FAN0332,Le Hai Thanh,fan332@example.com,0900000332,$2a$10$FAKEHASHFORLAB211PURPOSEONLYXXXXXX
FAN0333,Pham Hung Xuan,fan333@example.com,0900000333,$2a$10$FAKEHASHFORLAB211PURPOSEONLYXXXXXX
FAN0334,Hoang Huu Khanh,fan334@example.com,0900000334,$2a$10$FAKEHASHFORLAB211PURPOSEONLYXXXXXX
FAN0335,Vu Thanh Cong,fan335@example.com,0900000335,$2a$10$FAKEHASHFORLAB211PURPOSEONLYXXXXXX
FAN0336,Dang Tuan Ngoc,fan336@example.com,0900000336,$2a$10$FAKEHASHFORLAB211PURPOSEONLYXXXXXX
FAN0337,Bui Thi Bao,fan337@example.com,0900000337,$2a$10$FAKEHASHFORLAB211PURPOSEONLYXXXXXX
FAN0338,Do Minh Hoai,fan338@example.com,0900000338,$2a$10$FAKEHASHFORLAB211PURPOSEONLYXXXXXX
FAN0339,Ho Quang Anh,fan339@example.com,0900000339,$2a$10$FAKEHASHFORLAB211PURPOSEONLYXXXXXX
FAN0340,Nguyen Van Hong,fan340@example.com,0900000340,$2a$10$FAKEHASHFORLAB211PURPOSEONLYXXXXXX
FAN0341,Tran Duc Duy,fan341@example.com,0900000341,$2a$10$FAKEHASHFORLAB211PURPOSEONLYXXXXXX
FAN0342,Le Hai Thanh,fan342@example.com,0900000342,$2a$10$FAKEHASHFORLAB211PURPOSEONLYXXXXXX
FAN0343,Pham Hung Xuan,fan343@example.com,0900000343,$2a$10$FAKEHASHFORLAB211PURPOSEONLYXXXXXX
FAN0344,Hoang Huu Khanh,fan344@example.com,0900000344,$2a$10$FAKEHASHFORLAB211PURPOSEONLYXXXXXX
FAN0345,Vu Thanh Cong,fan345@example.com,0900000345,$2a$10$FAKEHASHFORLAB211PURPOSEONLYXXXXXX
FAN0346,Dang Tuan Ngoc,fan346@example.com,0900000346,$2a$10$FAKEHASHFORLAB211PURPOSEONLYXXXXXX
FAN0347,Bui Thi Bao,fan347@example.com,0900000347,$2a$10$FAKEHASHFORLAB211PURPOSEONLYXXXXXX
FAN0348,Do Minh Hoai,fan348@example.com,0900000348,$2a$10$FAKEHASHFORLAB211PURPOSEONLYXXXXXX
FAN0349,Ho Quang Anh,fan349@example.com,0900000349,$2a$10$FAKEHASHFORLAB211PURPOSEONLYXXXXXX
FAN0350,Nguyen Van Hong,fan350@example.com,0900000350,$2a$10$FAKEHASHFORLAB211PURPOSEONLYXXXXXX
FAN0351,Tran Duc Duy,fan351@example.com,0900000351,$2a$10$FAKEHASHFORLAB211PURPOSEONLYXXXXXX
FAN0352,Le Hai Thanh,fan352@example.com,0900000352,$2a$10$FAKEHASHFORLAB211PURPOSEONLYXXXXXX
FAN0353,Pham Hung Xuan,fan353@example.com,0900000353,$2a$10$FAKEHASHFORLAB211PURPOSEONLYXXXXXX
FAN0354,Hoang Huu Khanh,fan354@example.com,0900000354,$2a$10$FAKEHASHFORLAB211PURPOSEONLYXXXXXX
FAN0355,Vu Thanh Cong,fan355@example.com,0900000355,$2a$10$FAKEHASHFORLAB211PURPOSEONLYXXXXXX
FAN0356,Dang Tuan Ngoc,fan356@example.com,0900000356,$2a$10$FAKEHASHFORLAB211PURPOSEONLYXXXXXX
FAN0357,Bui Thi Bao,fan357@example.com,0900000357,$2a$10$FAKEHASHFORLAB211PURPOSEONLYXXXXXX
FAN0358,Do Minh Hoai,fan358@example.com,0900000358,$2a$10$FAKEHASHFORLAB211PURPOSEONLYXXXXXX
FAN0359,Ho Quang Anh,fan359@example.com,0900000359,$2a$10$FAKEHASHFORLAB211PURPOSEONLYXXXXXX
FAN0360,Nguyen Van Hong,fan360@example.com,0900000360,$2a$10$FAKEHASHFORLAB211PURPOSEONLYXXXXXX
FAN0361,Tran Duc Duy,fan361@example.com,0900000361,$2a$10$FAKEHASHFORLAB211PURPOSEONLYXXXXXX
FAN0362,Le Hai Thanh,fan362@example.com,0900000362,$2a$10$FAKEHASHFORLAB211PURPOSEONLYXXXXXX
FAN0363,Pham Hung Xuan,fan363@example.com,0900000363,$2a$10$FAKEHASHFORLAB211PURPOSEONLYXXXXXX
FAN0364,Hoang Huu Khanh,fan364@example.com,0900000364,$2a$10$FAKEHASHFORLAB211PURPOSEONLYXXXXXX
FAN0365,Vu Thanh Cong,fan365@example.com,0900000365,$2a$10$FAKEHASHFORLAB211PURPOSEONLYXXXXXX
FAN0366,Dang Tuan Ngoc,fan366@example.com,0900000366,$2a$10$FAKEHASHFORLAB211PURPOSEONLYXXXXXX
FAN0367,Bui Thi Bao,fan367@example.com,0900000367,$2a$10$FAKEHASHFORLAB211PURPOSEONLYXXXXXX
FAN0368,Do Minh Hoai,fan368@example.com,0900000368,$2a$10$FAKEHASHFORLAB211PURPOSEONLYXXXXXX
FAN0369,Ho Quang Anh,fan369@example.com,0900000369,$2a$10$FAKEHASHFORLAB211PURPOSEONLYXXXXXX
FAN0370,Nguyen Van Hong,fan370@example.com,0900000370,$2a$10$FAKEHASHFORLAB211PURPOSEONLYXXXXXX
FAN0371,Tran Duc Duy,fan371@example.com,0900000371,$2a$10$FAKEHASHFORLAB211PURPOSEONLYXXXXXX
FAN0372,Le Hai Thanh,fan372@example.com,0900000372,$2a$10$FAKEHASHFORLAB211PURPOSEONLYXXXXXX
FAN0373,Pham Hung Xuan,fan373@example.com,0900000373,$2a$10$FAKEHASHFORLAB211PURPOSEONLYXXXXXX
FAN0374,Hoang Huu Khanh,fan374@example.com,0900000374,$2a$10$FAKEHASHFORLAB211PURPOSEONLYXXXXXX
FAN0375,Vu Thanh Cong,fan375@example.com,0900000375,$2a$10$FAKEHASHFORLAB211PURPOSEONLYXXXXXX
FAN0376,Dang Tuan Ngoc,fan376@example.com,0900000376,$2a$10$FAKEHASHFORLAB211PURPOSEONLYXXXXXX
FAN0377,Bui Thi Bao,fan377@example.com,0900000377,$2a$10$FAKEHASHFORLAB211PURPOSEONLYXXXXXX
FAN0378,Do Minh Hoai,fan378@example.com,0900000378,$2a$10$FAKEHASHFORLAB211PURPOSEONLYXXXXXX
FAN0379,Ho Quang Anh,fan379@example.com,0900000379,$2a$10$FAKEHASHFORLAB211PURPOSEONLYXXXXXX
FAN0380,Nguyen Van Hong,fan380@example.com,0900000380,$2a$10$FAKEHASHFORLAB211PURPOSEONLYXXXXXX
FAN0381,Tran Duc Duy,fan381@example.com,0900000381,$2a$10$FAKEHASHFORLAB211PURPOSEONLYXXXXXX
FAN0382,Le Hai Thanh,fan382@example.com,0900000382,$2a$10$FAKEHASHFORLAB211PURPOSEONLYXXXXXX
FAN0383,Pham Hung Xuan,fan383@example.com,0900000383,$2a$10$FAKEHASHFORLAB211PURPOSEONLYXXXXXX
FAN0384,Hoang Huu Khanh,fan384@example.com,0900000384,$2a$10$FAKEHASHFORLAB211PURPOSEONLYXXXXXX
FAN0385,Vu Thanh Cong,fan385@example.com,0900000385,$2a$10$FAKEHASHFORLAB211PURPOSEONLYXXXXXX
FAN0386,Dang Tuan Ngoc,fan386@example.com,0900000386,$2a$10$FAKEHASHFORLAB211PURPOSEONLYXXXXXX
FAN0387,Bui Thi Bao,fan387@example.com,0900000387,$2a$10$FAKEHASHFORLAB211PURPOSEONLYXXXXXX
FAN0388,Do Minh Hoai,fan388@example.com,0900000388,$2a$10$FAKEHASHFORLAB211PURPOSEONLYXXXXXX
FAN0389,Ho Quang Anh,fan389@example.com,0900000389,$2a$10$FAKEHASHFORLAB211PURPOSEONLYXXXXXX
FAN0390,Nguyen Van Hong,fan390@example.com,0900000390,$2a$10$FAKEHASHFORLAB211PURPOSEONLYXXXXXX
FAN0391,Tran Duc Duy,fan391@example.com,0900000391,$2a$10$FAKEHASHFORLAB211PURPOSEONLYXXXXXX
FAN0392,Le Hai Thanh,fan392@example.com,0900000392,$2a$10$FAKEHASHFORLAB211PURPOSEONLYXXXXXX
FAN0393,Pham Hung Xuan,fan393@example.com,0900000393,$2a$10$FAKEHASHFORLAB211PURPOSEONLYXXXXXX
FAN0394,Hoang Huu Khanh,fan394@example.com,0900000394,$2a$10$FAKEHASHFORLAB211PURPOSEONLYXXXXXX
FAN0395,Vu Thanh Cong,fan395@example.com,0900000395,$2a$10$FAKEHASHFORLAB211PURPOSEONLYXXXXXX
FAN0396,Dang Tuan Ngoc,fan396@example.com,0900000396,$2a$10$FAKEHASHFORLAB211PURPOSEONLYXXXXXX
FAN0397,Bui Thi Bao,fan397@example.com,0900000397,$2a$10$FAKEHASHFORLAB211PURPOSEONLYXXXXXX
FAN0398,Do Minh Hoai,fan398@example.com,0900000398,$2a$10$FAKEHASHFORLAB211PURPOSEONLYXXXXXX
FAN0399,Ho Quang Anh,fan399@example.com,0900000399,$2a$10$FAKEHASHFORLAB211PURPOSEONLYXXXXXX
FAN0400,Nguyen Van Hong,fan400@example.com,0900000400,$2a$10$FAKEHASHFORLAB211PURPOSEONLYXXXXXX
FAN0401,Tran Duc Duy,fan401@example.com,0900000401,$2a$10$FAKEHASHFORLAB211PURPOSEONLYXXXXXX
FAN0402,Le Hai Thanh,fan402@example.com,0900000402,$2a$10$FAKEHASHFORLAB211PURPOSEONLYXXXXXX
FAN0403,Pham Hung Xuan,fan403@example.com,0900000403,$2a$10$FAKEHASHFORLAB211PURPOSEONLYXXXXXX
FAN0404,Hoang Huu Khanh,fan404@example.com,0900000404,$2a$10$FAKEHASHFORLAB211PURPOSEONLYXXXXXX
FAN0405,Vu Thanh Cong,fan405@example.com,0900000405,$2a$10$FAKEHASHFORLAB211PURPOSEONLYXXXXXX
FAN0406,Dang Tuan Ngoc,fan406@example.com,0900000406,$2a$10$FAKEHASHFORLAB211PURPOSEONLYXXXXXX
FAN0407,Bui Thi Bao,fan407@example.com,0900000407,$2a$10$FAKEHASHFORLAB211PURPOSEONLYXXXXXX
FAN0408,Do Minh Hoai,fan408@example.com,0900000408,$2a$10$FAKEHASHFORLAB211PURPOSEONLYXXXXXX
FAN0409,Ho Quang Anh,fan409@example.com,0900000409,$2a$10$FAKEHASHFORLAB211PURPOSEONLYXXXXXX
FAN0410,Nguyen Van Hong,fan410@example.com,0900000410,$2a$10$FAKEHASHFORLAB211PURPOSEONLYXXXXXX
FAN0411,Tran Duc Duy,fan411@example.com,0900000411,$2a$10$FAKEHASHFORLAB211PURPOSEONLYXXXXXX
FAN0412,Le Hai Thanh,fan412@example.com,0900000412,$2a$10$FAKEHASHFORLAB211PURPOSEONLYXXXXXX
FAN0413,Pham Hung Xuan,fan413@example.com,0900000413,$2a$10$FAKEHASHFORLAB211PURPOSEONLYXXXXXX
FAN0414,Hoang Huu Khanh,fan414@example.com,0900000414,$2a$10$FAKEHASHFORLAB211PURPOSEONLYXXXXXX
FAN0415,Vu Thanh Cong,fan415@example.com,0900000415,$2a$10$FAKEHASHFORLAB211PURPOSEONLYXXXXXX
FAN0416,Dang Tuan Ngoc,fan416@example.com,0900000416,$2a$10$FAKEHASHFORLAB211PURPOSEONLYXXXXXX
FAN0417,Bui Thi Bao,fan417@example.com,0900000417,$2a$10$FAKEHASHFORLAB211PURPOSEONLYXXXXXX
FAN0418,Do Minh Hoai,fan418@example.com,0900000418,$2a$10$FAKEHASHFORLAB211PURPOSEONLYXXXXXX
FAN0419,Ho Quang Anh,fan419@example.com,0900000419,$2a$10$FAKEHASHFORLAB211PURPOSEONLYXXXXXX
FAN0420,Nguyen Van Hong,fan420@example.com,0900000420,$2a$10$FAKEHASHFORLAB211PURPOSEONLYXXXXXX
FAN0421,Tran Duc Duy,fan421@example.com,0900000421,$2a$10$FAKEHASHFORLAB211PURPOSEONLYXXXXXX
FAN0422,Le Hai Thanh,fan422@example.com,0900000422,$2a$10$FAKEHASHFORLAB211PURPOSEONLYXXXXXX
FAN0423,Pham Hung Xuan,fan423@example.com,0900000423,$2a$10$FAKEHASHFORLAB211PURPOSEONLYXXXXXX
FAN0424,Hoang Huu Khanh,fan424@example.com,0900000424,$2a$10$FAKEHASHFORLAB211PURPOSEONLYXXXXXX
FAN0425,Vu Thanh Cong,fan425@example.com,0900000425,$2a$10$FAKEHASHFORLAB211PURPOSEONLYXXXXXX
FAN0426,Dang Tuan Ngoc,fan426@example.com,0900000426,$2a$10$FAKEHASHFORLAB211PURPOSEONLYXXXXXX
FAN0427,Bui Thi Bao,fan427@example.com,0900000427,$2a$10$FAKEHASHFORLAB211PURPOSEONLYXXXXXX
FAN0428,Do Minh Hoai,fan428@example.com,0900000428,$2a$10$FAKEHASHFORLAB211PURPOSEONLYXXXXXX
FAN0429,Ho Quang Anh,fan429@example.com,0900000429,$2a$10$FAKEHASHFORLAB211PURPOSEONLYXXXXXX
FAN0430,Nguyen Van Hong,fan430@example.com,0900000430,$2a$10$FAKEHASHFORLAB211PURPOSEONLYXXXXXX
FAN0431,Tran Duc Duy,fan431@example.com,0900000431,$2a$10$FAKEHASHFORLAB211PURPOSEONLYXXXXXX
FAN0432,Le Hai Thanh,fan432@example.com,0900000432,$2a$10$FAKEHASHFORLAB211PURPOSEONLYXXXXXX
FAN0433,Pham Hung Xuan,fan433@example.com,0900000433,$2a$10$FAKEHASHFORLAB211PURPOSEONLYXXXXXX
FAN0434,Hoang Huu Khanh,fan434@example.com,0900000434,$2a$10$FAKEHASHFORLAB211PURPOSEONLYXXXXXX
FAN0435,Vu Thanh Cong,fan435@example.com,0900000435,$2a$10$FAKEHASHFORLAB211PURPOSEONLYXXXXXX
FAN0436,Dang Tuan Ngoc,fan436@example.com,0900000436,$2a$10$FAKEHASHFORLAB211PURPOSEONLYXXXXXX
FAN0437,Bui Thi Bao,fan437@example.com,0900000437,$2a$10$FAKEHASHFORLAB211PURPOSEONLYXXXXXX
FAN0438,Do Minh Hoai,fan438@example.com,0900000438,$2a$10$FAKEHASHFORLAB211PURPOSEONLYXXXXXX
FAN0439,Ho Quang Anh,fan439@example.com,0900000439,$2a$10$FAKEHASHFORLAB211PURPOSEONLYXXXXXX
FAN0440,Nguyen Van Hong,fan440@example.com,0900000440,$2a$10$FAKEHASHFORLAB211PURPOSEONLYXXXXXX
FAN0441,Tran Duc Duy,fan441@example.com,0900000441,$2a$10$FAKEHASHFORLAB211PURPOSEONLYXXXXXX
FAN0442,Le Hai Thanh,fan442@example.com,0900000442,$2a$10$FAKEHASHFORLAB211PURPOSEONLYXXXXXX
FAN0443,Pham Hung Xuan,fan443@example.com,0900000443,$2a$10$FAKEHASHFORLAB211PURPOSEONLYXXXXXX
FAN0444,Hoang Huu Khanh,fan444@example.com,0900000444,$2a$10$FAKEHASHFORLAB211PURPOSEONLYXXXXXX
FAN0445,Vu Thanh Cong,fan445@example.com,0900000445,$2a$10$FAKEHASHFORLAB211PURPOSEONLYXXXXXX
FAN0446,Dang Tuan Ngoc,fan446@example.com,0900000446,$2a$10$FAKEHASHFORLAB211PURPOSEONLYXXXXXX
FAN0447,Bui Thi Bao,fan447@example.com,0900000447,$2a$10$FAKEHASHFORLAB211PURPOSEONLYXXXXXX
FAN0448,Do Minh Hoai,fan448@example.com,0900000448,$2a$10$FAKEHASHFORLAB211PURPOSEONLYXXXXXX
FAN0449,Ho Quang Anh,fan449@example.com,0900000449,$2a$10$FAKEHASHFORLAB211PURPOSEONLYXXXXXX
FAN0450,Nguyen Van Hong,fan450@example.com,0900000450,$2a$10$FAKEHASHFORLAB211PURPOSEONLYXXXXXX
FAN0451,Tran Duc Duy,fan451@example.com,0900000451,$2a$10$FAKEHASHFORLAB211PURPOSEONLYXXXXXX
FAN0452,Le Hai Thanh,fan452@example.com,0900000452,$2a$10$FAKEHASHFORLAB211PURPOSEONLYXXXXXX
FAN0453,Pham Hung Xuan,fan453@example.com,0900000453,$2a$10$FAKEHASHFORLAB211PURPOSEONLYXXXXXX
FAN0454,Hoang Huu Khanh,fan454@example.com,0900000454,$2a$10$FAKEHASHFORLAB211PURPOSEONLYXXXXXX
FAN0455,Vu Thanh Cong,fan455@example.com,0900000455,$2a$10$FAKEHASHFORLAB211PURPOSEONLYXXXXXX
FAN0456,Dang Tuan Ngoc,fan456@example.com,0900000456,$2a$10$FAKEHASHFORLAB211PURPOSEONLYXXXXXX
FAN0457,Bui Thi Bao,fan457@example.com,0900000457,$2a$10$FAKEHASHFORLAB211PURPOSEONLYXXXXXX
FAN0458,Do Minh Hoai,fan458@example.com,0900000458,$2a$10$FAKEHASHFORLAB211PURPOSEONLYXXXXXX
FAN0459,Ho Quang Anh,fan459@example.com,0900000459,$2a$10$FAKEHASHFORLAB211PURPOSEONLYXXXXXX
FAN0460,Nguyen Van Hong,fan460@example.com,0900000460,$2a$10$FAKEHASHFORLAB211PURPOSEONLYXXXXXX
FAN0461,Tran Duc Duy,fan461@example.com,0900000461,$2a$10$FAKEHASHFORLAB211PURPOSEONLYXXXXXX
FAN0462,Le Hai Thanh,fan462@example.com,0900000462,$2a$10$FAKEHASHFORLAB211PURPOSEONLYXXXXXX
FAN0463,Pham Hung Xuan,fan463@example.com,0900000463,$2a$10$FAKEHASHFORLAB211PURPOSEONLYXXXXXX
FAN0464,Hoang Huu Khanh,fan464@example.com,0900000464,$2a$10$FAKEHASHFORLAB211PURPOSEONLYXXXXXX
FAN0465,Vu Thanh Cong,fan465@example.com,0900000465,$2a$10$FAKEHASHFORLAB211PURPOSEONLYXXXXXX
FAN0466,Dang Tuan Ngoc,fan466@example.com,0900000466,$2a$10$FAKEHASHFORLAB211PURPOSEONLYXXXXXX
FAN0467,Bui Thi Bao,fan467@example.com,0900000467,$2a$10$FAKEHASHFORLAB211PURPOSEONLYXXXXXX
FAN0468,Do Minh Hoai,fan468@example.com,0900000468,$2a$10$FAKEHASHFORLAB211PURPOSEONLYXXXXXX
FAN0469,Ho Quang Anh,fan469@example.com,0900000469,$2a$10$FAKEHASHFORLAB211PURPOSEONLYXXXXXX
FAN0470,Nguyen Van Hong,fan470@example.com,0900000470,$2a$10$FAKEHASHFORLAB211PURPOSEONLYXXXXXX
FAN0471,Tran Duc Duy,fan471@example.com,0900000471,$2a$10$FAKEHASHFORLAB211PURPOSEONLYXXXXXX
FAN0472,Le Hai Thanh,fan472@example.com,0900000472,$2a$10$FAKEHASHFORLAB211PURPOSEONLYXXXXXX
FAN0473,Pham Hung Xuan,fan473@example.com,0900000473,$2a$10$FAKEHASHFORLAB211PURPOSEONLYXXXXXX
FAN0474,Hoang Huu Khanh,fan474@example.com,0900000474,$2a$10$FAKEHASHFORLAB211PURPOSEONLYXXXXXX
FAN0475,Vu Thanh Cong,fan475@example.com,0900000475,$2a$10$FAKEHASHFORLAB211PURPOSEONLYXXXXXX
FAN0476,Dang Tuan Ngoc,fan476@example.com,0900000476,$2a$10$FAKEHASHFORLAB211PURPOSEONLYXXXXXX
FAN0477,Bui Thi Bao,fan477@example.com,0900000477,$2a$10$FAKEHASHFORLAB211PURPOSEONLYXXXXXX
FAN0478,Do Minh Hoai,fan478@example.com,0900000478,$2a$10$FAKEHASHFORLAB211PURPOSEONLYXXXXXX
FAN0479,Ho Quang Anh,fan479@example.com,0900000479,$2a$10$FAKEHASHFORLAB211PURPOSEONLYXXXXXX
FAN0480,Nguyen Van Hong,fan480@example.com,0900000480,$2a$10$FAKEHASHFORLAB211PURPOSEONLYXXXXXX
FAN0481,Tran Duc Duy,fan481@example.com,0900000481,$2a$10$FAKEHASHFORLAB211PURPOSEONLYXXXXXX
FAN0482,Le Hai Thanh,fan482@example.com,0900000482,$2a$10$FAKEHASHFORLAB211PURPOSEONLYXXXXXX
FAN0483,Pham Hung Xuan,fan483@example.com,0900000483,$2a$10$FAKEHASHFORLAB211PURPOSEONLYXXXXXX
FAN0484,Hoang Huu Khanh,fan484@example.com,0900000484,$2a$10$FAKEHASHFORLAB211PURPOSEONLYXXXXXX
FAN0485,Vu Thanh Cong,fan485@example.com,0900000485,$2a$10$FAKEHASHFORLAB211PURPOSEONLYXXXXXX
FAN0486,Dang Tuan Ngoc,fan486@example.com,0900000486,$2a$10$FAKEHASHFORLAB211PURPOSEONLYXXXXXX
FAN0487,Bui Thi Bao,fan487@example.com,0900000487,$2a$10$FAKEHASHFORLAB211PURPOSEONLYXXXXXX
FAN0488,Do Minh Hoai,fan488@example.com,0900000488,$2a$10$FAKEHASHFORLAB211PURPOSEONLYXXXXXX
FAN0489,Ho Quang Anh,fan489@example.com,0900000489,$2a$10$FAKEHASHFORLAB211PURPOSEONLYXXXXXX
FAN0490,Nguyen Van Hong,fan490@example.com,0900000490,$2a$10$FAKEHASHFORLAB211PURPOSEONLYXXXXXX
FAN0491,Tran Duc Duy,fan491@example.com,0900000491,$2a$10$FAKEHASHFORLAB211PURPOSEONLYXXXXXX
FAN0492,Le Hai Thanh,fan492@example.com,0900000492,$2a$10$FAKEHASHFORLAB211PURPOSEONLYXXXXXX
FAN0493,Pham Hung Xuan,fan493@example.com,0900000493,$2a$10$FAKEHASHFORLAB211PURPOSEONLYXXXXXX
FAN0494,Hoang Huu Khanh,fan494@example.com,0900000494,$2a$10$FAKEHASHFORLAB211PURPOSEONLYXXXXXX
FAN0495,Vu Thanh Cong,fan495@example.com,0900000495,$2a$10$FAKEHASHFORLAB211PURPOSEONLYXXXXXX
FAN0496,Dang Tuan Ngoc,fan496@example.com,0900000496,$2a$10$FAKEHASHFORLAB211PURPOSEONLYXXXXXX
FAN0497,Bui Thi Bao,fan497@example.com,0900000497,$2a$10$FAKEHASHFORLAB211PURPOSEONLYXXXXXX
FAN0498,Do Minh Hoai,fan498@example.com,0900000498,$2a$10$FAKEHASHFORLAB211PURPOSEONLYXXXXXX
FAN0499,Ho Quang Anh,fan499@example.com,0900000499,$2a$10$FAKEHASHFORLAB211PURPOSEONLYXXXXXX
FAN0500,Nguyen Van Hong,fan500@example.com,0900000500,$2a$10$FAKEHASHFORLAB211PURPOSEONLYXXXXXX
