id,ticketId,fanId,amount,status,createdAt
TXN10830081,TKT10830080,SIM_FAN_0001,500000.0,COMPLETED,2026-07-24 23:34:16
TXN10830082,TKT10830081,SIM_FAN_0002,500000.0,COMPLETED,2026-07-24 23:34:16
TXN10830083,TKT10830082,SIM_FAN_0498,500000.0,COMPLETED,2026-07-24 23:34:16
TXN10830084,TKT10830083,SIM_FAN_0003,500000.0,COMPLETED,2026-07-24 23:34:16
TXN10830085,TKT10830084,SIM_FAN_0004,500000.0,COMPLETED,2026-07-24 23:34:16
TXN10830086,TKT10830085,SIM_FAN_0499,500000.0,COMPLETED,2026-07-24 23:34:16
TXN10830087,TKT10830086,SIM_FAN_0005,500000.0,COMPLETED,2026-07-24 23:34:16
TXN10830088,TKT10830087,SIM_FAN_0006,500000.0,COMPLETED,2026-07-24 23:34:16
TXN10830089,TKT10830088,SIM_FAN_0500,500000.0,COMPLETED,2026-07-24 23:34:16
TXN10830090,TKT10830089,SIM_FAN_0007,500000.0,COMPLETED,2026-07-24 23:34:16
TXN10830091,TKT10830090,SIM_FAN_0008,500000.0,COMPLETED,2026-07-24 23:34:16
TXN10830092,TKT10830091,SIM_FAN_0009,500000.0,COMPLETED,2026-07-24 23:34:16
TXN10830093,TKT10830092,SIM_FAN_0010,500000.0,COMPLETED,2026-07-24 23:34:16
TXN10830094,TKT10830093,SIM_FAN_0011,500000.0,COMPLETED,2026-07-24 23:34:16
TXN10830095,TKT10830094,SIM_FAN_0012,500000.0,COMPLETED,2026-07-24 23:34:17
TXN10830096,TKT10830095,SIM_FAN_0023,500000.0,COMPLETED,2026-07-24 23:34:17
TXN10830097,TKT10830096,SIM_FAN_0014,500000.0,COMPLETED,2026-07-24 23:34:17
TXN10830098,TKT10830097,SIM_FAN_0015,500000.0,COMPLETED,2026-07-24 23:34:17
TXN10830099,TKT10830098,SIM_FAN_0027,500000.0,COMPLETED,2026-07-24 23:34:17
TXN10830100,TKT10830099,SIM_FAN_0017,500000.0,COMPLETED,2026-07-24 23:34:17
TXN10830101,TKT10830100,SIM_FAN_0018,500000.0,COMPLETED,2026-07-24 23:34:17
TXN10830102,TKT10830101,SIM_FAN_0019,500000.0,COMPLETED,2026-07-24 23:34:17
TXN10830103,TKT10830102,SIM_FAN_0020,500000.0,COMPLETED,2026-07-24 23:34:17
TXN10830104,TKT10830103,SIM_FAN_0021,500000.0,COMPLETED,2026-07-24 23:34:17
TXN10830105,TKT10830104,SIM_FAN_0013,500000.0,COMPLETED,2026-07-24 23:34:17
TXN10830106,TKT10830105,SIM_FAN_0024,500000.0,COMPLETED,2026-07-24 23:34:17
TXN10830107,TKT10830106,SIM_FAN_0026,500000.0,COMPLETED,2026-07-24 23:34:17
TXN10830108,TKT10830107,SIM_FAN_0038,500000.0,COMPLETED,2026-07-24 23:34:17
TXN10830109,TKT10830108,SIM_FAN_0029,500000.0,COMPLETED,2026-07-24 23:34:17
TXN10830110,TKT10830109,SIM_FAN_0030,500000.0,COMPLETED,2026-07-24 23:34:17
TXN10830111,TKT10830110,SIM_FAN_0031,500000.0,COMPLETED,2026-07-24 23:34:17
TXN10830112,TKT10830111,SIM_FAN_0045,500000.0,COMPLETED,2026-07-24 23:34:17
TXN10830113,TKT10830112,SIM_FAN_0035,500000.0,COMPLETED,2026-07-24 23:34:17
TXN10830114,TKT10830113,SIM_FAN_0025,500000.0,COMPLETED,2026-07-24 23:34:17
TXN10830115,TKT10830114,SIM_FAN_0037,500000.0,COMPLETED,2026-07-24 23:34:17
TXN10830116,TKT10830115,SIM_FAN_0042,500000.0,COMPLETED,2026-07-24 23:34:17
TXN10830117,TKT10830116,SIM_FAN_0056,500000.0,COMPLETED,2026-07-24 23:34:17
TXN10830118,TKT10830117,SIM_FAN_0057,500000.0,COMPLETED,2026-07-24 23:34:17
TXN10830119,TKT10830118,SIM_FAN_0034,500000.0,COMPLETED,2026-07-24 23:34:17
TXN10830120,TKT10830119,SIM_FAN_0047,500000.0,COMPLETED,2026-07-24 23:34:17
TXN10830121,TKT10830120,SIM_FAN_0048,500000.0,COMPLETED,2026-07-24 23:34:17
TXN10830122,TKT10830121,SIM_FAN_0049,500000.0,COMPLETED,2026-07-24 23:34:17
TXN10830123,TKT10830122,SIM_FAN_0050,500000.0,COMPLETED,2026-07-24 23:34:17
TXN10830124,TKT10830123,SIM_FAN_0052,500000.0,COMPLETED,2026-07-24 23:34:17
TXN10830125,TKT10830124,SIM_FAN_0054,500000.0,COMPLETED,2026-07-24 23:34:17
TXN10830126,TKT10830125,SIM_FAN_0055,500000.0,COMPLETED,2026-07-24 23:34:17
TXN10830127,TKT10830126,SIM_FAN_0044,500000.0,COMPLETED,2026-07-24 23:34:17
TXN10830128,TKT10830127,SIM_FAN_0033,500000.0,COMPLETED,2026-07-24 23:34:17
TXN10830129,TKT10830128,SIM_FAN_0058,500000.0,COMPLETED,2026-07-24 23:34:17
TXN10830130,TKT10830129,SIM_FAN_0060,500000.0,COMPLETED,2026-07-24 23:34:17
TXN10830131,TKT10830130,SIM_FAN_0063,500000.0,COMPLETED,2026-07-24 23:34:17
TXN10830132,TKT10830131,SIM_FAN_0068,500000.0,COMPLETED,2026-07-24 23:34:17
TXN10830133,TKT10830132,SIM_FAN_0069,500000.0,COMPLETED,2026-07-24 23:34:17
TXN10830134,TKT10830133,SIM_FAN_0073,500000.0,COMPLETED,2026-07-24 23:34:17
TXN10830135,TKT10830134,SIM_FAN_0077,500000.0,COMPLETED,2026-07-24 23:34:17
TXN10830136,TKT10830135,SIM_FAN_0082,500000.0,COMPLETED,2026-07-24 23:34:17
TXN10830137,TKT10830136,SIM_FAN_0098,500000.0,COMPLETED,2026-07-24 23:34:17
TXN10830138,TKT10830137,SIM_FAN_0086,500000.0,COMPLETED,2026-07-24 23:34:17
TXN10830139,TKT10830138,SIM_FAN_0087,500000.0,COMPLETED,2026-07-24 23:34:17
TXN10830140,TKT10830139,SIM_FAN_0092,500000.0,COMPLETED,2026-07-24 23:34:18
TXN10830141,TKT10830140,SIM_FAN_0093,500000.0,COMPLETED,2026-07-24 23:34:18
TXN10830142,TKT10830141,SIM_FAN_0081,500000.0,COMPLETED,2026-07-24 23:34:18
TXN10830143,TKT10830142,SIM_FAN_0096,500000.0,COMPLETED,2026-07-24 23:34:18
TXN10830144,TKT10830143,SIM_FAN_0083,500000.0,COMPLETED,2026-07-24 23:34:18
TXN10830145,TKT10830144,SIM_FAN_0100,500000.0,COMPLETED,2026-07-24 23:34:18
TXN10830146,TKT10830145,SIM_FAN_0101,500000.0,COMPLETED,2026-07-24 23:34:18
TXN10830147,TKT10830146,SIM_FAN_0103,500000.0,COMPLETED,2026-07-24 23:34:18
TXN10830148,TKT10830147,SIM_FAN_0109,500000.0,COMPLETED,2026-07-24 23:34:18
TXN10830149,TKT10830148,SIM_FAN_0116,500000.0,COMPLETED,2026-07-24 23:34:18
TXN10830150,TKT10830149,SIM_FAN_0131,500000.0,COMPLETED,2026-07-24 23:34:18
TXN10830151,TKT10830150,SIM_FAN_0122,500000.0,COMPLETED,2026-07-24 23:34:18
TXN10830152,TKT10830151,SIM_FAN_0127,500000.0,COMPLETED,2026-07-24 23:34:18
TXN10830153,TKT10830152,SIM_FAN_0129,500000.0,COMPLETED,2026-07-24 23:34:18
TXN10830154,TKT10830153,SIM_FAN_0136,500000.0,COMPLETED,2026-07-24 23:34:18
TXN10830155,TKT10830154,SIM_FAN_0139,500000.0,COMPLETED,2026-07-24 23:34:18
TXN10830156,TKT10830155,SIM_FAN_0150,500000.0,COMPLETED,2026-07-24 23:34:18
TXN10830157,TKT10830156,SIM_FAN_0155,500000.0,COMPLETED,2026-07-24 23:34:18
TXN10830158,TKT10830157,SIM_FAN_0156,500000.0,COMPLETED,2026-07-24 23:34:18
TXN10830159,TKT10830158,SIM_FAN_0167,500000.0,COMPLETED,2026-07-24 23:34:18
TXN10830160,TKT10830159,SIM_FAN_0169,500000.0,COMPLETED,2026-07-24 23:34:18
TXN10830161,TKT10830160,SIM_FAN_0173,500000.0,COMPLETED,2026-07-24 23:34:18
TXN10830162,TKT10830161,SIM_FAN_0182,500000.0,COMPLETED,2026-07-24 23:34:18
TXN10830163,TKT10830162,SIM_FAN_0189,500000.0,COMPLETED,2026-07-24 23:34:18
TXN10830164,TKT10830163,SIM_FAN_0191,500000.0,COMPLETED,2026-07-24 23:34:18
TXN10830165,TKT10830164,SIM_FAN_0201,500000.0,COMPLETED,2026-07-24 23:34:18
TXN10830166,TKT10830165,SIM_FAN_0202,500000.0,COMPLETED,2026-07-24 23:34:19
TXN10830167,TKT10830166,SIM_FAN_0210,500000.0,COMPLETED,2026-07-24 23:34:19
TXN10830168,TKT10830167,SIM_FAN_0217,500000.0,COMPLETED,2026-07-24 23:34:19
TXN10830169,TKT10830168,SIM_FAN_0203,500000.0,COMPLETED,2026-07-24 23:34:19
TXN10830170,TKT10830169,SIM_FAN_0229,500000.0,COMPLETED,2026-07-24 23:34:19
TXN10830171,TKT10830170,SIM_FAN_0269,500000.0,COMPLETED,2026-07-24 23:34:19
TXN10830172,TKT10830171,SIM_FAN_0274,500000.0,COMPLETED,2026-07-24 23:34:19
TXN10830173,TKT10830172,SIM_FAN_0278,500000.0,COMPLETED,2026-07-24 23:34:19
TXN10830174,TKT10830173,SIM_FAN_0330,500000.0,COMPLETED,2026-07-24 23:34:19
TXN10830175,TKT10830174,SIM_FAN_0338,500000.0,COMPLETED,2026-07-24 23:34:19
TXN10830176,TKT10830175,SIM_FAN_0389,500000.0,COMPLETED,2026-07-24 23:34:20
TXN10830177,TKT10830176,SIM_FAN_0412,500000.0,COMPLETED,2026-07-24 23:34:20
TXN10830178,TKT10830177,SIM_FAN_0434,500000.0,COMPLETED,2026-07-24 23:34:20
TXN10830179,TKT10830178,SIM_FAN_0435,500000.0,COMPLETED,2026-07-24 23:34:20
